"okresVysledkyId","okresId","stranaId","hlasy","hlasyPct"
1,1,1,375,0.11
2,1,2,1095,0.32
3,1,3,939,0.27
4,1,4,216,0.06
5,1,5,65259,18.89
6,1,6,2948,0.85
7,1,7,9712,2.81
8,1,8,159,0.05
9,1,9,13156,3.81
10,1,10,307,0.09
11,1,11,272,0.08
12,1,12,1629,0.47
13,1,13,483,0.14
14,1,14,180,0.05
15,1,15,223,0.06
16,1,16,2293,0.66
17,1,17,320,0.09
18,1,18,71,0.02
19,1,19,655,0.19
20,1,21,86,0.02
21,1,22,355,0.10
22,1,23,267,0.08
23,1,24,12805,3.71
24,1,25,3005,0.87
25,1,26,71687,20.75
26,1,27,66099,19.13
27,1,28,19958,5.78
28,1,29,191,0.06
29,1,30,46137,13.35
30,1,31,328,0.09
31,1,32,86,0.02
32,1,33,68,0.02
33,1,34,1694,0.49
34,1,35,319,0.09
35,1,36,587,0.17
36,1,37,3476,1.01
37,1,38,44,0.01
38,1,39,16505,4.78
39,1,40,1569,0.45
40,2,1,32,0.14
41,2,2,104,0.44
42,2,3,82,0.35
43,2,4,16,0.07
44,2,5,3492,14.78
45,2,6,352,1.49
46,2,7,975,4.13
47,2,8,10,0.04
48,2,9,1468,6.21
49,2,10,55,0.23
50,2,11,74,0.31
51,2,12,206,0.87
52,2,13,61,0.26
53,2,14,29,0.12
54,2,15,30,0.13
55,2,16,196,0.83
56,2,17,11,0.05
57,2,18,12,0.05
58,2,19,67,0.28
59,2,21,5,0.02
60,2,22,24,0.10
61,2,23,28,0.12
62,2,24,527,2.23
63,2,25,151,0.64
64,2,26,2900,12.27
65,2,27,3377,14.29
66,2,28,1882,7.97
67,2,29,12,0.05
68,2,30,5318,22.51
69,2,31,40,0.17
70,2,32,10,0.04
71,2,33,6,0.03
72,2,34,135,0.57
73,2,35,29,0.12
74,2,36,96,0.41
75,2,37,118,0.50
76,2,38,2,0.01
77,2,39,1599,6.77
78,2,40,96,0.41
79,3,1,39,0.18
80,3,2,104,0.49
81,3,3,68,0.32
82,3,4,13,0.06
83,3,5,3818,18.06
84,3,6,349,1.65
85,3,7,873,4.13
86,3,8,13,0.06
87,3,9,1674,7.92
88,3,10,33,0.16
89,3,11,36,0.17
90,3,12,175,0.83
91,3,13,50,0.24
92,3,14,19,0.09
93,3,15,23,0.11
94,3,16,158,0.75
95,3,17,14,0.07
96,3,18,10,0.05
97,3,19,60,0.28
98,3,21,7,0.03
99,3,22,47,0.22
100,3,23,27,0.13
101,3,24,683,3.23
102,3,25,149,0.70
103,3,26,2570,12.16
104,3,27,3351,15.85
105,3,28,1552,7.34
106,3,29,10,0.05
107,3,30,3958,18.72
108,3,31,46,0.22
109,3,32,6,0.03
110,3,33,4,0.02
111,3,34,157,0.74
112,3,35,23,0.11
113,3,36,55,0.26
114,3,37,133,0.63
115,3,38,4,0.02
116,3,39,727,3.44
117,3,40,100,0.47
118,4,1,79,0.24
119,4,2,160,0.48
120,4,3,82,0.25
121,4,4,17,0.05
122,4,5,5090,15.24
123,4,6,582,1.74
124,4,7,1240,3.71
125,4,8,34,0.10
126,4,9,2837,8.49
127,4,10,71,0.21
128,4,11,99,0.30
129,4,12,329,0.98
130,4,13,83,0.25
131,4,14,44,0.13
132,4,15,50,0.15
133,4,16,289,0.87
134,4,17,25,0.07
135,4,18,10,0.03
136,4,19,103,0.31
137,4,21,9,0.03
138,4,22,131,0.39
139,4,23,20,0.06
140,4,24,1062,3.18
141,4,25,297,0.89
142,4,26,3861,11.56
143,4,27,5014,15.01
144,4,28,3123,9.35
145,4,29,29,0.09
146,4,30,6898,20.65
147,4,31,43,0.13
148,4,32,21,0.06
149,4,33,16,0.05
150,4,34,250,0.75
151,4,35,91,0.27
152,4,36,71,0.21
153,4,37,181,0.54
154,4,38,3,0.01
155,4,39,903,2.70
156,4,40,161,0.48
157,5,1,24,0.11
158,5,2,124,0.56
159,5,3,93,0.42
160,5,4,15,0.07
161,5,5,2975,13.46
162,5,6,358,1.62
163,5,7,818,3.70
164,5,8,9,0.04
165,5,9,1758,7.96
166,5,10,35,0.16
167,5,11,39,0.18
168,5,12,203,0.92
169,5,13,61,0.28
170,5,14,14,0.06
171,5,15,58,0.26
172,5,16,180,0.81
173,5,17,14,0.06
174,5,18,10,0.05
175,5,19,67,0.30
176,5,21,5,0.02
177,5,22,78,0.35
178,5,23,25,0.11
179,5,24,487,2.20
180,5,25,150,0.68
181,5,26,3758,17.01
182,5,27,2914,13.19
183,5,28,2076,9.39
184,5,29,11,0.05
185,5,30,4637,20.98
186,5,31,23,0.10
187,5,32,7,0.03
188,5,33,8,0.04
189,5,34,153,0.69
190,5,35,14,0.06
191,5,36,53,0.24
192,5,37,92,0.42
193,5,38,5,0.02
194,5,39,663,3.00
195,5,40,83,0.38
196,6,1,11,0.07
197,6,2,67,0.40
198,6,3,55,0.33
199,6,4,12,0.07
200,6,5,2318,13.91
201,6,6,302,1.81
202,6,7,742,4.45
203,6,8,10,0.06
204,6,9,1269,7.62
205,6,10,35,0.21
206,6,11,34,0.20
207,6,12,159,0.95
208,6,13,39,0.23
209,6,14,29,0.17
210,6,15,28,0.17
211,6,16,121,0.73
212,6,17,16,0.10
213,6,18,5,0.03
214,6,19,43,0.26
215,6,21,4,0.02
216,6,22,69,0.41
217,6,23,15,0.09
218,6,24,293,1.76
219,6,25,81,0.49
220,6,26,2058,12.35
221,6,27,2225,13.35
222,6,28,1669,10.02
223,6,29,17,0.10
224,6,30,3765,22.60
225,6,31,33,0.20
226,6,32,8,0.05
227,6,33,8,0.05
228,6,34,119,0.71
229,6,35,17,0.10
230,6,36,27,0.16
231,6,37,53,0.32
232,6,38,1,0.01
233,6,39,825,4.95
234,6,40,79,0.47
235,7,1,45,0.20
236,7,2,125,0.57
237,7,3,59,0.27
238,7,4,13,0.06
239,7,5,3877,17.56
240,7,6,418,1.89
241,7,7,776,3.51
242,7,8,8,0.04
243,7,9,1554,7.04
244,7,10,75,0.34
245,7,11,40,0.18
246,7,12,188,0.85
247,7,13,54,0.24
248,7,14,22,0.10
249,7,15,20,0.09
250,7,16,207,0.94
251,7,17,24,0.11
252,7,18,12,0.05
253,7,19,64,0.29
254,7,21,8,0.04
255,7,22,46,0.21
256,7,23,24,0.11
257,7,24,573,2.59
258,7,25,152,0.69
259,7,26,2660,12.04
260,7,27,3311,14.99
261,7,28,1926,8.72
262,7,29,21,0.10
263,7,30,4643,21.02
264,7,31,43,0.19
265,7,32,7,0.03
266,7,33,8,0.04
267,7,34,184,0.83
268,7,35,26,0.12
269,7,36,53,0.24
270,7,37,128,0.58
271,7,38,0,0.00
272,7,39,575,2.60
273,7,40,115,0.52
274,8,1,30,0.12
275,8,2,111,0.43
276,8,3,55,0.21
277,8,4,14,0.05
278,8,5,4531,17.39
279,8,6,507,1.95
280,8,7,1260,4.84
281,8,8,11,0.04
282,8,9,1744,6.69
283,8,10,54,0.21
284,8,11,65,0.25
285,8,12,330,1.27
286,8,13,72,0.28
287,8,14,32,0.12
288,8,15,43,0.17
289,8,16,218,0.84
290,8,17,14,0.05
291,8,18,14,0.05
292,8,19,95,0.36
293,8,21,12,0.05
294,8,22,49,0.19
295,8,23,27,0.10
296,8,24,604,2.32
297,8,25,139,0.53
298,8,26,2904,11.15
299,8,27,3562,13.67
300,8,28,2276,8.74
301,8,29,24,0.09
302,8,30,6098,23.41
303,8,31,57,0.22
304,8,32,7,0.03
305,8,33,11,0.04
306,8,34,174,0.67
307,8,35,22,0.08
308,8,36,51,0.20
309,8,37,106,0.41
310,8,38,1,0.00
311,8,39,618,2.37
312,8,40,110,0.42
313,9,1,28,0.13
314,9,2,92,0.41
315,9,3,67,0.30
316,9,4,15,0.07
317,9,5,3680,16.52
318,9,6,402,1.81
319,9,7,852,3.83
320,9,8,19,0.09
321,9,9,1357,6.09
322,9,10,29,0.13
323,9,11,50,0.22
324,9,12,244,1.10
325,9,13,57,0.26
326,9,14,27,0.12
327,9,15,31,0.14
328,9,16,199,0.89
329,9,17,10,0.04
330,9,18,5,0.02
331,9,19,72,0.32
332,9,21,8,0.04
333,9,22,49,0.22
334,9,23,19,0.09
335,9,24,566,2.54
336,9,25,135,0.61
337,9,26,2870,12.89
338,9,27,3364,15.10
339,9,28,1836,8.24
340,9,29,30,0.13
341,9,30,4829,21.68
342,9,31,42,0.19
343,9,32,11,0.05
344,9,33,11,0.05
345,9,34,170,0.76
346,9,35,17,0.08
347,9,36,42,0.19
348,9,37,100,0.45
349,9,38,2,0.01
350,9,39,833,3.74
351,9,40,101,0.45
352,10,1,55,0.12
353,10,2,205,0.46
354,10,3,158,0.35
355,10,4,27,0.06
356,10,5,10005,22.36
357,10,6,536,1.20
358,10,7,1113,2.49
359,10,8,19,0.04
360,10,9,1635,3.65
361,10,10,52,0.12
362,10,11,48,0.11
363,10,12,284,0.63
364,10,13,75,0.17
365,10,14,32,0.07
366,10,15,49,0.11
367,10,16,403,0.90
368,10,17,27,0.06
369,10,18,11,0.02
370,10,19,127,0.28
371,10,21,5,0.01
372,10,22,85,0.19
373,10,23,40,0.09
374,10,24,1642,3.67
375,10,25,328,0.73
376,10,26,7675,17.15
377,10,27,7568,16.92
378,10,28,2843,6.35
379,10,29,23,0.05
380,10,30,6883,15.38
381,10,31,44,0.10
382,10,32,13,0.03
383,10,33,19,0.04
384,10,34,283,0.63
385,10,35,57,0.13
386,10,36,156,0.35
387,10,37,313,0.70
388,10,38,2,0.00
389,10,39,1701,3.80
390,10,40,200,0.45
391,11,1,43,0.11
392,11,2,162,0.40
393,11,3,123,0.31
394,11,4,23,0.06
395,11,5,8411,20.93
396,11,6,461,1.15
397,11,7,831,2.07
398,11,8,17,0.04
399,11,9,1345,3.35
400,11,10,47,0.12
401,11,11,47,0.12
402,11,12,224,0.56
403,11,13,69,0.17
404,11,14,35,0.09
405,11,15,48,0.12
406,11,16,322,0.80
407,11,17,26,0.06
408,11,18,10,0.02
409,11,19,80,0.20
410,11,21,11,0.03
411,11,22,126,0.31
412,11,23,35,0.09
413,11,24,1689,4.20
414,11,25,281,0.70
415,11,26,8441,21.01
416,11,27,7007,17.44
417,11,28,2312,5.75
418,11,29,16,0.04
419,11,30,5425,13.50
420,11,31,38,0.09
421,11,32,14,0.03
422,11,33,4,0.01
423,11,34,264,0.66
424,11,35,35,0.09
425,11,36,104,0.26
426,11,37,339,0.84
427,11,38,4,0.01
428,11,39,1525,3.80
429,11,40,190,0.47
430,12,1,112,0.41
431,12,2,125,0.45
432,12,3,74,0.27
433,12,4,19,0.07
434,12,5,3943,14.30
435,12,6,449,1.63
436,12,7,1114,4.04
437,12,8,10,0.04
438,12,9,2075,7.53
439,12,10,61,0.22
440,12,11,54,0.20
441,12,12,289,1.05
442,12,13,63,0.23
443,12,14,24,0.09
444,12,15,37,0.13
445,12,16,234,0.85
446,12,17,27,0.10
447,12,18,13,0.05
448,12,19,103,0.37
449,12,21,12,0.04
450,12,22,52,0.19
451,12,23,18,0.07
452,12,24,754,2.74
453,12,25,132,0.48
454,12,26,3298,11.96
455,12,27,4183,15.18
456,12,28,2445,8.87
457,12,29,24,0.09
458,12,30,5797,21.03
459,12,31,47,0.17
460,12,32,16,0.06
461,12,33,10,0.04
462,12,34,173,0.63
463,12,35,31,0.11
464,12,36,78,0.28
465,12,37,115,0.42
466,12,38,6,0.02
467,12,39,1438,5.22
468,12,40,109,0.40
469,13,1,19,0.16
470,13,2,65,0.56
471,13,3,33,0.28
472,13,4,10,0.09
473,13,5,1688,14.47
474,13,6,225,1.93
475,13,7,588,5.04
476,13,8,8,0.07
477,13,9,1213,10.40
478,13,10,30,0.26
479,13,11,42,0.36
480,13,12,112,0.96
481,13,13,28,0.24
482,13,14,13,0.11
483,13,15,22,0.19
484,13,16,110,0.94
485,13,17,2,0.02
486,13,18,3,0.03
487,13,19,42,0.36
488,13,21,8,0.07
489,13,22,33,0.28
490,13,23,10,0.09
491,13,24,264,2.26
492,13,25,67,0.57
493,13,26,1130,9.69
494,13,27,1643,14.08
495,13,28,1011,8.67
496,13,29,20,0.17
497,13,30,2630,22.54
498,13,31,32,0.27
499,13,32,6,0.05
500,13,33,5,0.04
501,13,34,82,0.70
502,13,35,15,0.13
503,13,36,33,0.28
504,13,37,73,0.63
505,13,38,3,0.03
506,13,39,273,2.34
507,13,40,75,0.64
508,14,1,53,0.12
509,14,2,261,0.58
510,14,3,185,0.41
511,14,4,49,0.11
512,14,5,6858,15.14
513,14,6,704,1.55
514,14,7,1448,3.20
515,14,8,20,0.04
516,14,9,3138,6.93
517,14,10,77,0.17
518,14,11,65,0.14
519,14,12,352,0.78
520,14,13,129,0.28
521,14,14,55,0.12
522,14,15,47,0.10
523,14,16,400,0.88
524,14,17,32,0.07
525,14,18,13,0.03
526,14,19,134,0.30
527,14,21,31,0.07
528,14,22,43,0.09
529,14,23,31,0.07
530,14,24,1122,2.48
531,14,25,310,0.68
532,14,26,5705,12.60
533,14,27,6415,14.16
534,14,28,4166,9.20
535,14,29,31,0.07
536,14,30,9133,20.17
537,14,31,72,0.16
538,14,32,21,0.05
539,14,33,14,0.03
540,14,34,266,0.59
541,14,35,89,0.20
542,14,36,200,0.44
543,14,37,242,0.53
544,14,38,4,0.01
545,14,39,3129,6.91
546,14,40,244,0.54
547,15,1,16,0.13
548,15,2,58,0.47
549,15,3,40,0.32
550,15,4,14,0.11
551,15,5,1784,14.40
552,15,6,193,1.56
553,15,7,422,3.41
554,15,8,18,0.15
555,15,9,1029,8.30
556,15,10,78,0.63
557,15,11,13,0.10
558,15,12,126,1.02
559,15,13,40,0.32
560,15,14,7,0.06
561,15,15,23,0.19
562,15,16,102,0.82
563,15,17,11,0.09
564,15,18,7,0.06
565,15,19,34,0.27
566,15,21,2,0.02
567,15,22,8,0.06
568,15,23,4,0.03
569,15,24,270,2.18
570,15,25,59,0.48
571,15,26,1244,10.04
572,15,27,1569,12.66
573,15,28,1247,10.06
574,15,29,6,0.05
575,15,30,2650,21.38
576,15,31,13,0.10
577,15,32,6,0.05
578,15,33,4,0.03
579,15,34,88,0.71
580,15,35,10,0.08
581,15,36,52,0.42
582,15,37,59,0.48
583,15,38,3,0.02
584,15,39,1016,8.20
585,15,40,68,0.55
586,16,1,50,0.23
587,16,2,80,0.37
588,16,3,51,0.24
589,16,4,12,0.06
590,16,5,2838,13.26
591,16,6,372,1.74
592,16,7,1046,4.89
593,16,8,9,0.04
594,16,9,1848,8.63
595,16,10,42,0.20
596,16,11,63,0.29
597,16,12,174,0.81
598,16,13,42,0.20
599,16,14,14,0.07
600,16,15,23,0.11
601,16,16,159,0.74
602,16,17,10,0.05
603,16,18,8,0.04
604,16,19,70,0.33
605,16,21,71,0.33
606,16,22,9,0.04
607,16,23,14,0.07
608,16,24,365,1.71
609,16,25,310,1.45
610,16,26,2019,9.43
611,16,27,2943,13.75
612,16,28,2069,9.67
613,16,29,21,0.10
614,16,30,4692,21.92
615,16,31,48,0.22
616,16,32,21,0.10
617,16,33,20,0.09
618,16,34,114,0.53
619,16,35,16,0.07
620,16,36,61,0.28
621,16,37,78,0.36
622,16,38,1,0.00
623,16,39,1518,7.09
624,16,40,105,0.49
625,17,1,18,0.11
626,17,2,79,0.48
627,17,3,46,0.28
628,17,4,9,0.05
629,17,5,2507,15.27
630,17,6,257,1.57
631,17,7,664,4.05
632,17,8,3,0.02
633,17,9,1413,8.61
634,17,10,34,0.21
635,17,11,38,0.23
636,17,12,143,0.87
637,17,13,35,0.21
638,17,14,15,0.09
639,17,15,21,0.13
640,17,16,143,0.87
641,17,17,4,0.02
642,17,18,4,0.02
643,17,19,46,0.28
644,17,21,3,0.02
645,17,22,15,0.09
646,17,23,13,0.08
647,17,24,328,2.00
648,17,25,82,0.50
649,17,26,1855,11.30
650,17,27,2309,14.07
651,17,28,1476,8.99
652,17,29,54,0.33
653,17,30,3408,20.76
654,17,31,45,0.27
655,17,32,4,0.02
656,17,33,2,0.01
657,17,34,99,0.60
658,17,35,37,0.23
659,17,36,42,0.26
660,17,37,96,0.58
661,17,38,1,0.01
662,17,39,1006,6.13
663,17,40,59,0.36
664,18,1,11,0.10
665,18,2,55,0.51
666,18,3,21,0.20
667,18,4,6,0.06
668,18,5,1583,14.73
669,18,6,162,1.51
670,18,7,420,3.91
671,18,8,7,0.07
672,18,9,922,8.58
673,18,10,19,0.18
674,18,11,22,0.20
675,18,12,117,1.09
676,18,13,22,0.20
677,18,14,15,0.14
678,18,15,17,0.16
679,18,16,66,0.61
680,18,17,6,0.06
681,18,18,3,0.03
682,18,19,41,0.38
683,18,21,1,0.01
684,18,22,9,0.08
685,18,23,17,0.16
686,18,24,208,1.94
687,18,25,40,0.37
688,18,26,1205,11.21
689,18,27,1377,12.81
690,18,28,1027,9.56
691,18,29,13,0.12
692,18,30,2266,21.08
693,18,31,23,0.21
694,18,32,3,0.03
695,18,33,7,0.07
696,18,34,53,0.49
697,18,35,14,0.13
698,18,36,41,0.38
699,18,37,54,0.50
700,18,38,3,0.03
701,18,39,833,7.75
702,18,40,39,0.36
703,19,1,22,0.13
704,19,2,73,0.45
705,19,3,53,0.32
706,19,4,12,0.07
707,19,5,2126,13.01
708,19,6,281,1.72
709,19,7,727,4.45
710,19,8,12,0.07
711,19,9,1291,7.90
712,19,10,48,0.29
713,19,11,40,0.24
714,19,12,161,0.98
715,19,13,32,0.20
716,19,14,22,0.13
717,19,15,35,0.21
718,19,16,133,0.81
719,19,17,9,0.06
720,19,18,5,0.03
721,19,19,46,0.28
722,19,21,6,0.04
723,19,22,24,0.15
724,19,23,16,0.10
725,19,24,308,1.88
726,19,25,86,0.53
727,19,26,1688,10.33
728,19,27,2181,13.34
729,19,28,1567,9.59
730,19,29,46,0.28
731,19,30,3888,23.78
732,19,31,29,0.18
733,19,32,2,0.01
734,19,33,4,0.02
735,19,34,101,0.62
736,19,35,10,0.06
737,19,36,59,0.36
738,19,37,61,0.37
739,19,38,4,0.02
740,19,39,1058,6.47
741,19,40,81,0.50
742,20,1,26,0.11
743,20,2,85,0.35
744,20,3,87,0.35
745,20,4,14,0.06
746,20,5,3570,14.50
747,20,6,373,1.51
748,20,7,1003,4.07
749,20,8,7,0.03
750,20,9,1841,7.47
751,20,10,61,0.25
752,20,11,39,0.16
753,20,12,229,0.93
754,20,13,47,0.19
755,20,14,20,0.08
756,20,15,26,0.11
757,20,16,233,0.95
758,20,17,10,0.04
759,20,18,9,0.04
760,20,19,73,0.30
761,20,21,19,0.08
762,20,22,15,0.06
763,20,23,9,0.04
764,20,24,611,2.48
765,20,25,189,0.77
766,20,26,2993,12.15
767,20,27,3420,13.89
768,20,28,2108,8.56
769,20,29,18,0.07
770,20,30,5657,22.97
771,20,31,69,0.28
772,20,32,16,0.06
773,20,33,8,0.03
774,20,34,142,0.58
775,20,35,50,0.20
776,20,36,118,0.48
777,20,37,127,0.52
778,20,38,3,0.01
779,20,39,1204,4.89
780,20,40,100,0.41
781,21,1,22,0.18
782,21,2,49,0.39
783,21,3,34,0.27
784,21,4,15,0.12
785,21,5,1794,14.40
786,21,6,263,2.11
787,21,7,609,4.89
788,21,8,10,0.08
789,21,9,1139,9.14
790,21,10,22,0.18
791,21,11,36,0.29
792,21,12,125,1.00
793,21,13,19,0.15
794,21,14,10,0.08
795,21,15,12,0.10
796,21,16,91,0.73
797,21,17,5,0.04
798,21,18,4,0.03
799,21,19,69,0.55
800,21,21,2,0.02
801,21,22,14,0.11
802,21,23,8,0.06
803,21,24,224,1.80
804,21,25,48,0.39
805,21,26,1242,9.97
806,21,27,1302,10.45
807,21,28,1255,10.08
808,21,29,6,0.05
809,21,30,3006,24.13
810,21,31,73,0.59
811,21,32,4,0.03
812,21,33,6,0.05
813,21,34,155,1.24
814,21,35,20,0.16
815,21,36,26,0.21
816,21,37,33,0.26
817,21,38,3,0.02
818,21,39,651,5.23
819,21,40,49,0.39
820,22,1,27,0.14
821,22,2,76,0.38
822,22,3,48,0.24
823,22,4,44,0.22
824,22,5,3015,15.09
825,22,6,375,1.88
826,22,7,852,4.26
827,22,8,10,0.05
828,22,9,1520,7.61
829,22,10,43,0.22
830,22,11,32,0.16
831,22,12,188,0.94
832,22,13,45,0.23
833,22,14,16,0.08
834,22,15,28,0.14
835,22,16,117,0.59
836,22,17,15,0.08
837,22,18,8,0.04
838,22,19,109,0.55
839,22,21,7,0.04
840,22,22,13,0.07
841,22,23,19,0.10
842,22,24,410,2.05
843,22,25,67,0.34
844,22,26,2030,10.16
845,22,27,2399,12.00
846,22,28,1957,9.79
847,22,29,18,0.09
848,22,30,4881,24.42
849,22,31,86,0.43
850,22,32,4,0.02
851,22,33,6,0.03
852,22,34,127,0.64
853,22,35,13,0.07
854,22,36,41,0.21
855,22,37,84,0.42
856,22,38,3,0.02
857,22,39,1158,5.79
858,22,40,94,0.47
859,23,1,64,0.15
860,23,2,160,0.36
861,23,3,130,0.29
862,23,4,22,0.05
863,23,5,7473,16.95
864,23,6,588,1.33
865,23,7,1652,3.75
866,23,8,21,0.05
867,23,9,2718,6.16
868,23,10,86,0.20
869,23,11,56,0.13
870,23,12,368,0.83
871,23,13,74,0.17
872,23,14,25,0.06
873,23,15,44,0.10
874,23,16,324,0.73
875,23,17,15,0.03
876,23,18,16,0.04
877,23,19,573,1.30
878,23,21,8,0.02
879,23,22,39,0.09
880,23,23,21,0.05
881,23,24,1146,2.60
882,23,25,303,0.69
883,23,26,5626,12.76
884,23,27,6044,13.71
885,23,28,4194,9.51
886,23,29,31,0.07
887,23,30,9221,20.91
888,23,31,227,0.51
889,23,32,6,0.01
890,23,33,14,0.03
891,23,34,224,0.51
892,23,35,63,0.14
893,23,36,121,0.27
894,23,37,187,0.42
895,23,38,3,0.01
896,23,39,2003,4.54
897,23,40,205,0.46
898,24,1,28,0.21
899,24,2,67,0.50
900,24,3,33,0.25
901,24,4,18,0.14
902,24,5,1800,13.54
903,24,6,287,2.16
904,24,7,617,4.64
905,24,8,11,0.08
906,24,9,1276,9.60
907,24,10,37,0.28
908,24,11,45,0.34
909,24,12,177,1.33
910,24,13,44,0.33
911,24,14,12,0.09
912,24,15,18,0.14
913,24,16,99,0.74
914,24,17,5,0.04
915,24,18,5,0.04
916,24,19,118,0.89
917,24,21,6,0.05
918,24,22,7,0.05
919,24,23,8,0.06
920,24,24,291,2.19
921,24,25,90,0.68
922,24,26,1439,10.82
923,24,27,1547,11.63
924,24,28,1229,9.24
925,24,29,15,0.11
926,24,30,3178,23.90
927,24,31,84,0.63
928,24,32,4,0.03
929,24,33,5,0.04
930,24,34,112,0.84
931,24,35,24,0.18
932,24,36,25,0.19
933,24,37,34,0.26
934,24,38,0,0.00
935,24,39,446,3.35
936,24,40,57,0.43
937,25,1,26,0.16
938,25,2,82,0.49
939,25,3,54,0.32
940,25,4,7,0.04
941,25,5,2851,17.00
942,25,6,320,1.91
943,25,7,637,3.80
944,25,8,7,0.04
945,25,9,1440,8.59
946,25,10,41,0.24
947,25,11,42,0.25
948,25,12,189,1.13
949,25,13,33,0.20
950,25,14,15,0.09
951,25,15,34,0.20
952,25,16,112,0.67
953,25,17,8,0.05
954,25,18,2,0.01
955,25,19,170,1.01
956,25,21,3,0.02
957,25,22,16,0.10
958,25,23,9,0.05
959,25,24,321,1.91
960,25,25,75,0.45
961,25,26,1779,10.61
962,25,27,2050,12.23
963,25,28,1626,9.70
964,25,29,19,0.11
965,25,30,3708,22.11
966,25,31,157,0.94
967,25,32,3,0.02
968,25,33,9,0.05
969,25,34,135,0.81
970,25,35,35,0.21
971,25,36,47,0.28
972,25,37,59,0.35
973,25,38,1,0.01
974,25,39,570,3.40
975,25,40,76,0.45
976,26,1,15,0.15
977,26,2,34,0.33
978,26,3,35,0.34
979,26,4,11,0.11
980,26,5,1747,16.96
981,26,6,217,2.11
982,26,7,416,4.04
983,26,8,6,0.06
984,26,9,1081,10.49
985,26,10,19,0.18
986,26,11,17,0.17
987,26,12,107,1.04
988,26,13,23,0.22
989,26,14,10,0.10
990,26,15,14,0.14
991,26,16,75,0.73
992,26,17,4,0.04
993,26,18,6,0.06
994,26,19,75,0.73
995,26,21,3,0.03
996,26,22,13,0.13
997,26,23,15,0.15
998,26,24,212,2.06
999,26,25,57,0.55
1000,26,26,1029,9.99
1001,26,27,1208,11.72
1002,26,28,926,8.99
1003,26,29,7,0.07
1004,26,30,2391,23.21
1005,26,31,48,0.47
1006,26,32,2,0.02
1007,26,33,7,0.07
1008,26,34,87,0.84
1009,26,35,20,0.19
1010,26,36,27,0.26
1011,26,37,39,0.38
1012,26,38,0,0.00
1013,26,39,240,2.33
1014,26,40,60,0.58
1015,27,1,8,0.09
1016,27,2,20,0.23
1017,27,3,28,0.32
1018,27,4,4,0.05
1019,27,5,925,10.45
1020,27,6,205,2.32
1021,27,7,418,4.72
1022,27,8,6,0.07
1023,27,9,1044,11.80
1024,27,10,24,0.27
1025,27,11,27,0.31
1026,27,12,103,1.16
1027,27,13,20,0.23
1028,27,14,8,0.09
1029,27,15,12,0.14
1030,27,16,57,0.64
1031,27,17,7,0.08
1032,27,18,3,0.03
1033,27,19,57,0.64
1034,27,21,1,0.01
1035,27,22,5,0.06
1036,27,23,5,0.06
1037,27,24,192,2.17
1038,27,25,24,0.27
1039,27,26,742,8.38
1040,27,27,1095,12.37
1041,27,28,880,9.94
1042,27,29,5,0.06
1043,27,30,2514,28.41
1044,27,31,27,0.31
1045,27,32,5,0.06
1046,27,33,3,0.03
1047,27,34,40,0.45
1048,27,35,21,0.24
1049,27,36,26,0.29
1050,27,37,24,0.27
1051,27,38,1,0.01
1052,27,39,224,2.53
1053,27,40,40,0.45
1054,28,1,23,0.14
1055,28,2,59,0.36
1056,28,3,56,0.34
1057,28,4,8,0.05
1058,28,5,1718,10.54
1059,28,6,308,1.89
1060,28,7,692,4.25
1061,28,8,16,0.10
1062,28,9,1338,8.21
1063,28,10,41,0.25
1064,28,11,43,0.26
1065,28,12,163,1.00
1066,28,13,32,0.20
1067,28,14,11,0.07
1068,28,15,30,0.18
1069,28,16,151,0.93
1070,28,17,8,0.05
1071,28,18,3,0.02
1072,28,19,210,1.29
1073,28,21,5,0.03
1074,28,22,17,0.10
1075,28,23,6,0.04
1076,28,24,339,2.08
1077,28,25,44,0.27
1078,28,26,1461,8.96
1079,28,27,2177,13.36
1080,28,28,1993,12.23
1081,28,29,15,0.09
1082,28,30,4422,27.13
1083,28,31,39,0.24
1084,28,32,4,0.02
1085,28,33,6,0.04
1086,28,34,152,0.93
1087,28,35,35,0.21
1088,28,36,29,0.18
1089,28,37,61,0.37
1090,28,38,2,0.01
1091,28,39,508,3.12
1092,28,40,75,0.46
1093,29,1,30,0.13
1094,29,2,85,0.37
1095,29,3,92,0.40
1096,29,4,23,0.10
1097,29,5,3036,13.09
1098,29,6,507,2.19
1099,29,7,903,3.89
1100,29,8,44,0.19
1101,29,9,1568,6.76
1102,29,10,77,0.33
1103,29,11,39,0.17
1104,29,12,286,1.23
1105,29,13,72,0.31
1106,29,14,22,0.09
1107,29,15,16,0.07
1108,29,16,217,0.94
1109,29,17,47,0.20
1110,29,18,10,0.04
1111,29,19,184,0.79
1112,29,21,7,0.03
1113,29,22,32,0.14
1114,29,23,22,0.09
1115,29,24,518,2.23
1116,29,25,112,0.48
1117,29,26,2550,10.99
1118,29,27,2941,12.68
1119,29,28,2532,10.91
1120,29,29,28,0.12
1121,29,30,5962,25.70
1122,29,31,37,0.16
1123,29,32,15,0.06
1124,29,33,6,0.03
1125,29,34,184,0.79
1126,29,35,26,0.11
1127,29,36,91,0.39
1128,29,37,136,0.59
1129,29,38,1,0.00
1130,29,39,616,2.66
1131,29,40,124,0.53
1132,30,1,88,0.63
1133,30,2,64,0.46
1134,30,3,54,0.38
1135,30,4,11,0.08
1136,30,5,1382,9.85
1137,30,6,345,2.46
1138,30,7,674,4.80
1139,30,8,16,0.11
1140,30,9,1028,7.32
1141,30,10,62,0.44
1142,30,11,49,0.35
1143,30,12,164,1.17
1144,30,13,43,0.31
1145,30,14,20,0.14
1146,30,15,25,0.18
1147,30,16,128,0.91
1148,30,17,25,0.18
1149,30,18,12,0.09
1150,30,19,86,0.61
1151,30,21,5,0.04
1152,30,22,16,0.11
1153,30,23,9,0.06
1154,30,24,269,1.92
1155,30,25,86,0.61
1156,30,26,1222,8.71
1157,30,27,1481,10.55
1158,30,28,1922,13.69
1159,30,29,17,0.12
1160,30,30,4094,29.17
1161,30,31,29,0.21
1162,30,32,8,0.06
1163,30,33,5,0.04
1164,30,34,101,0.72
1165,30,35,29,0.21
1166,30,36,39,0.28
1167,30,37,67,0.48
1168,30,38,4,0.03
1169,30,39,278,1.98
1170,30,40,80,0.57
1171,31,1,26,0.11
1172,31,2,132,0.57
1173,31,3,77,0.33
1174,31,4,18,0.08
1175,31,5,2534,10.93
1176,31,6,534,2.30
1177,31,7,894,3.86
1178,31,8,113,0.49
1179,31,9,1902,8.21
1180,31,10,73,0.31
1181,31,11,78,0.34
1182,31,12,300,1.29
1183,31,13,71,0.31
1184,31,14,36,0.16
1185,31,15,36,0.16
1186,31,16,203,0.88
1187,31,17,17,0.07
1188,31,18,10,0.04
1189,31,19,114,0.49
1190,31,21,11,0.05
1191,31,22,19,0.08
1192,31,23,30,0.13
1193,31,24,452,1.95
1194,31,25,123,0.53
1195,31,26,2013,8.69
1196,31,27,2655,11.46
1197,31,28,2764,11.93
1198,31,29,19,0.08
1199,31,30,6745,29.10
1200,31,31,39,0.17
1201,31,32,16,0.07
1202,31,33,21,0.09
1203,31,34,185,0.80
1204,31,35,30,0.13
1205,31,36,47,0.20
1206,31,37,94,0.41
1207,31,38,6,0.03
1208,31,39,540,2.33
1209,31,40,200,0.86
1210,32,1,17,0.09
1211,32,2,97,0.52
1212,32,3,60,0.32
1213,32,4,13,0.07
1214,32,5,2072,11.20
1215,32,6,498,2.69
1216,32,7,681,3.68
1217,32,8,46,0.25
1218,32,9,1685,9.11
1219,32,10,64,0.35
1220,32,11,44,0.24
1221,32,12,223,1.21
1222,32,13,51,0.28
1223,32,14,24,0.13
1224,32,15,40,0.22
1225,32,16,161,0.87
1226,32,17,11,0.06
1227,32,18,8,0.04
1228,32,19,200,1.08
1229,32,21,4,0.02
1230,32,22,14,0.08
1231,32,23,22,0.12
1232,32,24,359,1.94
1233,32,25,93,0.50
1234,32,26,1380,7.46
1235,32,27,1965,10.62
1236,32,28,2316,12.52
1237,32,29,26,0.14
1238,32,30,5491,29.69
1239,32,31,25,0.14
1240,32,32,7,0.04
1241,32,33,6,0.03
1242,32,34,152,0.82
1243,32,35,19,0.10
1244,32,36,120,0.65
1245,32,37,71,0.38
1246,32,38,6,0.03
1247,32,39,324,1.75
1248,32,40,101,0.55
1249,33,1,37,0.15
1250,33,2,172,0.71
1251,33,3,71,0.29
1252,33,4,16,0.07
1253,33,5,3793,15.57
1254,33,6,462,1.90
1255,33,7,810,3.33
1256,33,8,22,0.09
1257,33,9,2453,10.07
1258,33,10,75,0.31
1259,33,11,43,0.18
1260,33,12,230,0.94
1261,33,13,64,0.26
1262,33,14,37,0.15
1263,33,15,48,0.20
1264,33,16,210,0.86
1265,33,17,16,0.07
1266,33,18,11,0.05
1267,33,19,151,0.62
1268,33,21,8,0.03
1269,33,22,34,0.14
1270,33,23,22,0.09
1271,33,24,488,2.00
1272,33,25,151,0.62
1273,33,26,2119,8.70
1274,33,27,3299,13.55
1275,33,28,1926,7.91
1276,33,29,24,0.10
1277,33,30,6245,25.64
1278,33,31,32,0.13
1279,33,32,15,0.06
1280,33,33,19,0.08
1281,33,34,195,0.80
1282,33,35,23,0.09
1283,33,36,76,0.31
1284,33,37,96,0.39
1285,33,38,3,0.01
1286,33,39,752,3.09
1287,33,40,106,0.44
1288,34,1,19,0.11
1289,34,2,88,0.53
1290,34,3,41,0.25
1291,34,4,15,0.09
1292,34,5,2091,12.57
1293,34,6,429,2.58
1294,34,7,695,4.18
1295,34,8,43,0.26
1296,34,9,1833,11.02
1297,34,10,57,0.34
1298,34,11,60,0.36
1299,34,12,182,1.09
1300,34,13,39,0.23
1301,34,14,30,0.18
1302,34,15,23,0.14
1303,34,16,137,0.82
1304,34,17,34,0.20
1305,34,18,5,0.03
1306,34,19,136,0.82
1307,34,21,9,0.05
1308,34,22,15,0.09
1309,34,23,18,0.11
1310,34,24,256,1.54
1311,34,25,76,0.46
1312,34,26,1217,7.32
1313,34,27,1692,10.17
1314,34,28,1703,10.24
1315,34,29,14,0.08
1316,34,30,4986,29.98
1317,34,31,23,0.14
1318,34,32,7,0.04
1319,34,33,1,0.01
1320,34,34,121,0.73
1321,34,35,38,0.23
1322,34,36,43,0.26
1323,34,37,59,0.35
1324,34,38,0,0.00
1325,34,39,336,2.02
1326,34,40,60,0.36
1327,35,1,25,0.15
1328,35,2,117,0.69
1329,35,3,44,0.26
1330,35,4,11,0.06
1331,35,5,1857,10.91
1332,35,6,383,2.25
1333,35,7,581,3.41
1334,35,8,36,0.21
1335,35,9,1627,9.55
1336,35,10,82,0.48
1337,35,11,39,0.23
1338,35,12,159,0.93
1339,35,13,40,0.23
1340,35,14,23,0.14
1341,35,15,18,0.11
1342,35,16,165,0.97
1343,35,17,9,0.05
1344,35,18,11,0.06
1345,35,19,94,0.55
1346,35,21,2,0.01
1347,35,22,22,0.13
1348,35,23,14,0.08
1349,35,24,340,2.00
1350,35,25,100,0.59
1351,35,26,1215,7.14
1352,35,27,1722,10.11
1353,35,28,2060,12.10
1354,35,29,21,0.12
1355,35,30,5571,32.72
1356,35,31,29,0.17
1357,35,32,6,0.04
1358,35,33,3,0.02
1359,35,34,138,0.81
1360,35,35,30,0.18
1361,35,36,32,0.19
1362,35,37,55,0.32
1363,35,38,3,0.02
1364,35,39,260,1.53
1365,35,40,84,0.49
1366,36,1,25,0.12
1367,36,2,94,0.45
1368,36,3,51,0.25
1369,36,4,7,0.03
1370,36,5,2681,12.95
1371,36,6,473,2.28
1372,36,7,684,3.30
1373,36,8,23,0.11
1374,36,9,1847,8.92
1375,36,10,96,0.46
1376,36,11,65,0.31
1377,36,12,247,1.19
1378,36,13,31,0.15
1379,36,14,30,0.14
1380,36,15,25,0.12
1381,36,16,210,1.01
1382,36,17,7,0.03
1383,36,18,5,0.02
1384,36,19,147,0.71
1385,36,21,8,0.04
1386,36,22,24,0.12
1387,36,23,12,0.06
1388,36,24,496,2.40
1389,36,25,117,0.57
1390,36,26,1657,8.00
1391,36,27,2199,10.62
1392,36,28,2609,12.60
1393,36,29,14,0.07
1394,36,30,5946,28.72
1395,36,31,33,0.16
1396,36,32,9,0.04
1397,36,33,7,0.03
1398,36,34,168,0.81
1399,36,35,26,0.13
1400,36,36,49,0.24
1401,36,37,81,0.39
1402,36,38,2,0.01
1403,36,39,397,1.92
1404,36,40,103,0.50
1405,37,1,74,0.35
1406,37,2,91,0.43
1407,37,3,56,0.26
1408,37,4,5,0.02
1409,37,5,2668,12.51
1410,37,6,469,2.20
1411,37,7,630,2.95
1412,37,8,22,0.10
1413,37,9,1661,7.79
1414,37,10,110,0.52
1415,37,11,50,0.23
1416,37,12,194,0.91
1417,37,13,52,0.24
1418,37,14,27,0.13
1419,37,15,48,0.23
1420,37,16,219,1.03
1421,37,17,8,0.04
1422,37,18,9,0.04
1423,37,19,339,1.59
1424,37,21,4,0.02
1425,37,22,23,0.11
1426,37,23,9,0.04
1427,37,24,495,2.32
1428,37,25,105,0.49
1429,37,26,2146,10.06
1430,37,27,2831,13.27
1431,37,28,2408,11.29
1432,37,29,18,0.08
1433,37,30,5754,26.98
1434,37,31,27,0.13
1435,37,32,2,0.01
1436,37,33,10,0.05
1437,37,34,136,0.64
1438,37,35,29,0.14
1439,37,36,62,0.29
1440,37,37,90,0.42
1441,37,38,0,0.00
1442,37,39,329,1.54
1443,37,40,119,0.56
1444,38,1,30,0.16
1445,38,2,107,0.56
1446,38,3,63,0.33
1447,38,4,12,0.06
1448,38,5,2346,12.17
1449,38,6,363,1.88
1450,38,7,658,3.41
1451,38,8,131,0.68
1452,38,9,1367,7.09
1453,38,10,50,0.26
1454,38,11,42,0.22
1455,38,12,224,1.16
1456,38,13,57,0.30
1457,38,14,16,0.08
1458,38,15,24,0.12
1459,38,16,162,0.84
1460,38,17,12,0.06
1461,38,18,6,0.03
1462,38,19,73,0.38
1463,38,21,9,0.05
1464,38,22,29,0.15
1465,38,23,32,0.17
1466,38,24,390,2.02
1467,38,25,78,0.40
1468,38,26,2192,11.37
1469,38,27,2577,13.37
1470,38,28,2318,12.03
1471,38,29,34,0.18
1472,38,30,5009,25.99
1473,38,31,33,0.17
1474,38,32,8,0.04
1475,38,33,17,0.09
1476,38,34,143,0.74
1477,38,35,32,0.17
1478,38,36,67,0.35
1479,38,37,89,0.46
1480,38,38,0,0.00
1481,38,39,391,2.03
1482,38,40,85,0.44
1483,39,1,20,0.10
1484,39,2,89,0.44
1485,39,3,60,0.30
1486,39,4,9,0.04
1487,39,5,3129,15.54
1488,39,6,324,1.61
1489,39,7,547,2.72
1490,39,8,10,0.05
1491,39,9,1053,5.23
1492,39,10,37,0.18
1493,39,11,34,0.17
1494,39,12,210,1.04
1495,39,13,42,0.21
1496,39,14,23,0.11
1497,39,15,20,0.10
1498,39,16,181,0.90
1499,39,17,4,0.02
1500,39,18,6,0.03
1501,39,19,74,0.37
1502,39,21,7,0.03
1503,39,22,24,0.12
1504,39,23,13,0.06
1505,39,24,1161,5.77
1506,39,25,117,0.58
1507,39,26,2371,11.78
1508,39,27,3249,16.14
1509,39,28,2171,10.79
1510,39,29,15,0.07
1511,39,30,4133,20.53
1512,39,31,15,0.07
1513,39,32,15,0.07
1514,39,33,24,0.12
1515,39,34,141,0.70
1516,39,35,44,0.22
1517,39,36,46,0.23
1518,39,37,138,0.69
1519,39,38,3,0.01
1520,39,39,464,2.31
1521,39,40,106,0.53
1522,40,1,29,0.07
1523,40,2,188,0.49
1524,40,3,109,0.28
1525,40,4,18,0.05
1526,40,5,4887,12.63
1527,40,6,662,1.71
1528,40,7,1094,2.83
1529,40,8,34,0.09
1530,40,9,1985,5.13
1531,40,10,91,0.24
1532,40,11,86,0.22
1533,40,12,365,0.94
1534,40,13,84,0.22
1535,40,14,43,0.11
1536,40,15,36,0.09
1537,40,16,352,0.91
1538,40,17,11,0.03
1539,40,18,10,0.03
1540,40,19,149,0.38
1541,40,21,16,0.04
1542,40,22,45,0.12
1543,40,23,23,0.06
1544,40,24,1061,2.74
1545,40,25,257,0.66
1546,40,26,6275,16.21
1547,40,27,5659,14.62
1548,40,28,4043,10.45
1549,40,29,38,0.10
1550,40,30,9028,23.33
1551,40,31,58,0.15
1552,40,32,19,0.05
1553,40,33,63,0.16
1554,40,34,307,0.79
1555,40,35,50,0.13
1556,40,36,91,0.24
1557,40,37,271,0.70
1558,40,38,4,0.01
1559,40,39,984,2.54
1560,40,40,179,0.46
1561,41,1,16,0.08
1562,41,2,72,0.37
1563,41,3,77,0.39
1564,41,4,21,0.11
1565,41,5,3111,15.80
1566,41,6,284,1.44
1567,41,7,652,3.31
1568,41,8,23,0.12
1569,41,9,1031,5.24
1570,41,10,34,0.17
1571,41,11,26,0.13
1572,41,12,243,1.23
1573,41,13,62,0.31
1574,41,14,16,0.08
1575,41,15,23,0.12
1576,41,16,174,0.88
1577,41,17,12,0.06
1578,41,18,6,0.03
1579,41,19,83,0.42
1580,41,21,7,0.04
1581,41,22,19,0.10
1582,41,23,9,0.05
1583,41,24,536,2.72
1584,41,25,138,0.70
1585,41,26,2788,14.16
1586,41,27,3110,15.79
1587,41,28,1759,8.93
1588,41,29,15,0.08
1589,41,30,3744,19.01
1590,41,31,38,0.19
1591,41,32,9,0.05
1592,41,33,14,0.07
1593,41,34,111,0.56
1594,41,35,24,0.12
1595,41,36,94,0.48
1596,41,37,114,0.58
1597,41,38,1,0.01
1598,41,39,1104,5.61
1599,41,40,91,0.46
1600,42,1,50,0.12
1601,42,2,158,0.37
1602,42,3,171,0.40
1603,42,4,10,0.02
1604,42,5,6293,14.74
1605,42,6,771,1.81
1606,42,7,1575,3.69
1607,42,8,20,0.05
1608,42,9,2709,6.35
1609,42,10,71,0.17
1610,42,11,57,0.13
1611,42,12,403,0.94
1612,42,13,79,0.19
1613,42,14,51,0.12
1614,42,15,83,0.19
1615,42,16,455,1.07
1616,42,17,21,0.05
1617,42,18,16,0.04
1618,42,19,125,0.29
1619,42,21,13,0.03
1620,42,22,29,0.07
1621,42,23,33,0.08
1622,42,24,924,2.16
1623,42,25,329,0.77
1624,42,26,5162,12.09
1625,42,27,6277,14.70
1626,42,28,3610,8.46
1627,42,29,27,0.06
1628,42,30,9573,22.42
1629,42,31,85,0.20
1630,42,32,17,0.04
1631,42,33,10,0.02
1632,42,34,284,0.67
1633,42,35,43,0.10
1634,42,36,144,0.34
1635,42,37,163,0.38
1636,42,38,2,0.00
1637,42,39,2654,6.22
1638,42,40,197,0.46
1639,43,1,21,0.11
1640,43,2,74,0.39
1641,43,3,111,0.59
1642,43,4,19,0.10
1643,43,5,2517,13.34
1644,43,6,368,1.95
1645,43,7,743,3.94
1646,43,8,33,0.17
1647,43,9,1251,6.63
1648,43,10,46,0.24
1649,43,11,52,0.28
1650,43,12,233,1.23
1651,43,13,64,0.34
1652,43,14,14,0.07
1653,43,15,36,0.19
1654,43,16,197,1.04
1655,43,17,8,0.04
1656,43,18,3,0.02
1657,43,19,64,0.34
1658,43,21,7,0.04
1659,43,22,25,0.13
1660,43,23,21,0.11
1661,43,24,402,2.13
1662,43,25,96,0.51
1663,43,26,2076,11.00
1664,43,27,2924,15.49
1665,43,28,1511,8.01
1666,43,29,32,0.17
1667,43,30,4577,24.25
1668,43,31,52,0.28
1669,43,32,9,0.05
1670,43,33,25,0.13
1671,43,34,132,0.70
1672,43,35,19,0.10
1673,43,36,69,0.37
1674,43,37,74,0.39
1675,43,38,3,0.02
1676,43,39,897,4.75
1677,43,40,67,0.36
1678,44,1,23,0.09
1679,44,2,118,0.45
1680,44,3,78,0.30
1681,44,4,9,0.03
1682,44,5,3752,14.38
1683,44,6,435,1.67
1684,44,7,1049,4.02
1685,44,8,23,0.09
1686,44,9,1404,5.38
1687,44,10,31,0.12
1688,44,11,47,0.18
1689,44,12,246,0.94
1690,44,13,57,0.22
1691,44,14,29,0.11
1692,44,15,39,0.15
1693,44,16,184,0.71
1694,44,17,5,0.02
1695,44,18,10,0.04
1696,44,19,86,0.33
1697,44,21,17,0.07
1698,44,22,18,0.07
1699,44,23,22,0.08
1700,44,24,580,2.22
1701,44,25,119,0.46
1702,44,26,2609,10.00
1703,44,27,3404,13.05
1704,44,28,2280,8.74
1705,44,29,18,0.07
1706,44,30,6168,23.64
1707,44,31,55,0.21
1708,44,32,10,0.04
1709,44,33,18,0.07
1710,44,34,163,0.62
1711,44,35,26,0.10
1712,44,36,65,0.25
1713,44,37,103,0.39
1714,44,38,2,0.01
1715,44,39,2693,10.32
1716,44,40,93,0.36
1717,45,1,19,0.10
1718,45,2,71,0.38
1719,45,3,83,0.45
1720,45,4,7,0.04
1721,45,5,2486,13.48
1722,45,6,287,1.56
1723,45,7,719,3.90
1724,45,8,13,0.07
1725,45,9,1457,7.90
1726,45,10,33,0.18
1727,45,11,64,0.35
1728,45,12,178,0.96
1729,45,13,55,0.30
1730,45,14,36,0.20
1731,45,15,31,0.17
1732,45,16,183,0.99
1733,45,17,7,0.04
1734,45,18,5,0.03
1735,45,19,82,0.44
1736,45,21,3,0.02
1737,45,22,13,0.07
1738,45,23,13,0.07
1739,45,24,309,1.68
1740,45,25,114,0.62
1741,45,26,1880,10.19
1742,45,27,2434,13.20
1743,45,28,1521,8.25
1744,45,29,10,0.05
1745,45,30,4335,23.50
1746,45,31,43,0.23
1747,45,32,5,0.03
1748,45,33,11,0.06
1749,45,34,129,0.70
1750,45,35,16,0.09
1751,45,36,66,0.36
1752,45,37,60,0.33
1753,45,38,2,0.01
1754,45,39,1585,8.59
1755,45,40,81,0.44
1756,46,1,22,0.08
1757,46,2,133,0.50
1758,46,3,94,0.35
1759,46,4,14,0.05
1760,46,5,3957,14.84
1761,46,6,415,1.56
1762,46,7,853,3.20
1763,46,8,26,0.10
1764,46,9,1893,7.10
1765,46,10,59,0.22
1766,46,11,64,0.24
1767,46,12,258,0.97
1768,46,13,60,0.23
1769,46,14,40,0.15
1770,46,15,52,0.20
1771,46,16,182,0.68
1772,46,17,11,0.04
1773,46,18,15,0.06
1774,46,19,97,0.36
1775,46,21,14,0.05
1776,46,22,36,0.14
1777,46,23,28,0.11
1778,46,24,535,2.01
1779,46,25,158,0.59
1780,46,26,3029,11.36
1781,46,27,3971,14.89
1782,46,28,2440,9.15
1783,46,29,22,0.08
1784,46,30,6316,23.69
1785,46,31,55,0.21
1786,46,32,20,0.08
1787,46,33,15,0.06
1788,46,34,222,0.83
1789,46,35,28,0.11
1790,46,36,91,0.34
1791,46,37,116,0.44
1792,46,38,1,0.00
1793,46,39,1175,4.41
1794,46,40,144,0.54
1795,47,1,25,0.11
1796,47,2,91,0.40
1797,47,3,100,0.44
1798,47,4,8,0.04
1799,47,5,2979,13.07
1800,47,6,373,1.64
1801,47,7,996,4.37
1802,47,8,13,0.06
1803,47,9,1918,8.41
1804,47,10,41,0.18
1805,47,11,43,0.19
1806,47,12,198,0.87
1807,47,13,44,0.19
1808,47,14,46,0.20
1809,47,15,66,0.29
1810,47,16,211,0.93
1811,47,17,18,0.08
1812,47,18,5,0.02
1813,47,19,68,0.30
1814,47,21,11,0.05
1815,47,22,15,0.07
1816,47,23,10,0.04
1817,47,24,405,1.78
1818,47,25,140,0.61
1819,47,26,1962,8.61
1820,47,27,2796,12.26
1821,47,28,1952,8.56
1822,47,29,27,0.12
1823,47,30,5222,22.90
1824,47,31,48,0.21
1825,47,32,11,0.05
1826,47,33,13,0.06
1827,47,34,125,0.55
1828,47,35,24,0.11
1829,47,36,59,0.26
1830,47,37,88,0.39
1831,47,38,1,0.00
1832,47,39,2533,11.11
1833,47,40,114,0.50
1834,48,1,22,0.06
1835,48,2,158,0.40
1836,48,3,164,0.42
1837,48,4,25,0.06
1838,48,5,6004,15.27
1839,48,6,605,1.54
1840,48,7,1509,3.84
1841,48,8,22,0.06
1842,48,9,2661,6.77
1843,48,10,59,0.15
1844,48,11,56,0.14
1845,48,12,314,0.80
1846,48,13,84,0.21
1847,48,14,60,0.15
1848,48,15,227,0.58
1849,48,16,371,0.94
1850,48,17,17,0.04
1851,48,18,13,0.03
1852,48,19,135,0.34
1853,48,21,15,0.04
1854,48,22,46,0.12
1855,48,23,27,0.07
1856,48,24,996,2.53
1857,48,25,266,0.68
1858,48,26,3992,10.15
1859,48,27,5903,15.01
1860,48,28,3416,8.69
1861,48,29,29,0.07
1862,48,30,9039,22.99
1863,48,31,67,0.17
1864,48,32,15,0.04
1865,48,33,17,0.04
1866,48,34,263,0.67
1867,48,35,36,0.09
1868,48,36,179,0.46
1869,48,37,189,0.48
1870,48,38,1,0.00
1871,48,39,2140,5.44
1872,48,40,182,0.46
1873,49,1,15,0.07
1874,49,2,92,0.42
1875,49,3,79,0.36
1876,49,4,9,0.04
1877,49,5,2784,12.64
1878,49,6,298,1.35
1879,49,7,1055,4.79
1880,49,8,12,0.05
1881,49,9,1834,8.33
1882,49,10,34,0.15
1883,49,11,32,0.15
1884,49,12,175,0.79
1885,49,13,34,0.15
1886,49,14,21,0.10
1887,49,15,37,0.17
1888,49,16,176,0.80
1889,49,17,5,0.02
1890,49,18,3,0.01
1891,49,19,63,0.29
1892,49,21,24,0.11
1893,49,22,17,0.08
1894,49,23,13,0.06
1895,49,24,391,1.78
1896,49,25,121,0.55
1897,49,26,2046,9.29
1898,49,27,2824,12.82
1899,49,28,1632,7.41
1900,49,29,18,0.08
1901,49,30,4734,21.50
1902,49,31,37,0.17
1903,49,32,62,0.28
1904,49,33,4,0.02
1905,49,34,119,0.54
1906,49,35,24,0.11
1907,49,36,76,0.35
1908,49,37,73,0.33
1909,49,38,0,0.00
1910,49,39,2970,13.49
1911,49,40,78,0.35
1912,50,1,36,0.11
1913,50,2,167,0.50
1914,50,3,209,0.63
1915,50,4,16,0.05
1916,50,5,4365,13.17
1917,50,6,485,1.46
1918,50,7,1392,4.20
1919,50,8,18,0.05
1920,50,9,2096,6.32
1921,50,10,64,0.19
1922,50,11,51,0.15
1923,50,12,356,1.07
1924,50,13,73,0.22
1925,50,14,43,0.13
1926,50,15,66,0.20
1927,50,16,291,0.88
1928,50,17,16,0.05
1929,50,18,13,0.04
1930,50,19,94,0.28
1931,50,21,18,0.05
1932,50,22,22,0.07
1933,50,23,23,0.07
1934,50,24,616,1.86
1935,50,25,180,0.54
1936,50,26,3130,9.44
1937,50,27,4907,14.80
1938,50,28,2800,8.45
1939,50,29,45,0.14
1940,50,30,7093,21.40
1941,50,31,79,0.24
1942,50,32,28,0.08
1943,50,33,7,0.02
1944,50,34,211,0.64
1945,50,35,36,0.11
1946,50,36,98,0.30
1947,50,37,201,0.61
1948,50,38,0,0.00
1949,50,39,3644,10.99
1950,50,40,159,0.48
1951,51,1,21,0.09
1952,51,2,68,0.31
1953,51,3,59,0.27
1954,51,4,7,0.03
1955,51,5,3035,13.65
1956,51,6,337,1.52
1957,51,7,1121,5.04
1958,51,8,17,0.08
1959,51,9,1887,8.48
1960,51,10,27,0.12
1961,51,11,33,0.15
1962,51,12,161,0.72
1963,51,13,48,0.22
1964,51,14,29,0.13
1965,51,15,27,0.12
1966,51,16,158,0.71
1967,51,17,10,0.04
1968,51,18,8,0.04
1969,51,19,72,0.32
1970,51,21,7,0.03
1971,51,22,36,0.16
1972,51,23,12,0.05
1973,51,24,373,1.68
1974,51,25,113,0.51
1975,51,26,1866,8.39
1976,51,27,2836,12.75
1977,51,28,1815,8.16
1978,51,29,11,0.05
1979,51,30,4849,21.80
1980,51,31,45,0.20
1981,51,32,15,0.07
1982,51,33,10,0.04
1983,51,34,120,0.54
1984,51,35,26,0.12
1985,51,36,66,0.30
1986,51,37,68,0.31
1987,51,38,0,0.00
1988,51,39,2771,12.46
1989,51,40,77,0.35
1990,52,1,21,0.08
1991,52,2,113,0.42
1992,52,3,103,0.38
1993,52,4,13,0.05
1994,52,5,4179,15.61
1995,52,6,415,1.55
1996,52,7,1102,4.12
1997,52,8,13,0.05
1998,52,9,1992,7.44
1999,52,10,32,0.12
2000,52,11,76,0.28
2001,52,12,205,0.77
2002,52,13,50,0.19
2003,52,14,36,0.13
2004,52,15,33,0.12
2005,52,16,208,0.78
2006,52,17,12,0.04
2007,52,18,10,0.04
2008,52,19,78,0.29
2009,52,21,61,0.23
2010,52,22,10,0.04
2011,52,23,14,0.05
2012,52,24,449,1.68
2013,52,25,109,0.41
2014,52,26,2271,8.48
2015,52,27,3759,14.04
2016,52,28,2425,9.06
2017,52,29,16,0.06
2018,52,30,5250,19.61
2019,52,31,45,0.17
2020,52,32,34,0.13
2021,52,33,9,0.03
2022,52,34,153,0.57
2023,52,35,23,0.09
2024,52,36,99,0.37
2025,52,37,327,1.22
2026,52,38,4,0.01
2027,52,39,2904,10.85
2028,52,40,119,0.44
2029,53,1,28,0.16
2030,53,2,60,0.34
2031,53,3,41,0.23
2032,53,4,11,0.06
2033,53,5,2701,15.13
2034,53,6,288,1.61
2035,53,7,1056,5.92
2036,53,8,7,0.04
2037,53,9,1416,7.93
2038,53,10,26,0.15
2039,53,11,45,0.25
2040,53,12,138,0.77
2041,53,13,33,0.18
2042,53,14,15,0.08
2043,53,15,28,0.16
2044,53,16,134,0.75
2045,53,17,15,0.08
2046,53,18,8,0.04
2047,53,19,56,0.31
2048,53,21,7,0.04
2049,53,22,8,0.04
2050,53,23,15,0.08
2051,53,24,379,2.12
2052,53,25,126,0.71
2053,53,26,1752,9.81
2054,53,27,2469,13.83
2055,53,28,1387,7.77
2056,53,29,20,0.11
2057,53,30,3586,20.09
2058,53,31,37,0.21
2059,53,32,8,0.04
2060,53,33,7,0.04
2061,53,34,102,0.57
2062,53,35,17,0.10
2063,53,36,50,0.28
2064,53,37,65,0.36
2065,53,38,4,0.02
2066,53,39,1650,9.24
2067,53,40,57,0.32
2068,54,1,24,0.09
2069,54,2,109,0.43
2070,54,3,63,0.25
2071,54,4,10,0.04
2072,54,5,2740,10.69
2073,54,6,414,1.62
2074,54,7,1172,4.57
2075,54,8,23,0.09
2076,54,9,2208,8.61
2077,54,10,41,0.16
2078,54,11,46,0.18
2079,54,12,213,0.83
2080,54,13,49,0.19
2081,54,14,20,0.08
2082,54,15,31,0.12
2083,54,16,195,0.76
2084,54,17,9,0.04
2085,54,18,13,0.05
2086,54,19,67,0.26
2087,54,21,172,0.67
2088,54,22,17,0.07
2089,54,23,13,0.05
2090,54,24,419,1.63
2091,54,25,139,0.54
2092,54,26,1940,7.57
2093,54,27,3211,12.53
2094,54,28,2680,10.45
2095,54,29,19,0.07
2096,54,30,5490,21.42
2097,54,31,91,0.35
2098,54,32,102,0.40
2099,54,33,5,0.02
2100,54,34,98,0.38
2101,54,35,24,0.09
2102,54,36,70,0.27
2103,54,37,260,1.01
2104,54,38,5,0.02
2105,54,39,3326,12.97
2106,54,40,106,0.41
2107,55,1,18,0.06
2108,55,2,101,0.36
2109,55,3,99,0.35
2110,55,4,16,0.06
2111,55,5,3286,11.77
2112,55,6,417,1.49
2113,55,7,1688,6.05
2114,55,8,12,0.04
2115,55,9,1893,6.78
2116,55,10,59,0.21
2117,55,11,44,0.16
2118,55,12,185,0.66
2119,55,13,71,0.25
2120,55,14,38,0.14
2121,55,15,30,0.11
2122,55,16,284,1.02
2123,55,17,12,0.04
2124,55,18,12,0.04
2125,55,19,65,0.23
2126,55,21,54,0.19
2127,55,22,27,0.10
2128,55,23,8,0.03
2129,55,24,494,1.77
2130,55,25,146,0.52
2131,55,26,2382,8.53
2132,55,27,3534,12.66
2133,55,28,1874,6.71
2134,55,29,19,0.07
2135,55,30,5459,19.56
2136,55,31,52,0.19
2137,55,32,91,0.33
2138,55,33,6,0.02
2139,55,34,173,0.62
2140,55,35,16,0.06
2141,55,36,87,0.31
2142,55,37,78,0.28
2143,55,38,1,0.00
2144,55,39,4975,17.83
2145,55,40,103,0.37
2146,56,1,14,0.05
2147,56,2,119,0.46
2148,56,3,86,0.33
2149,56,4,4,0.02
2150,56,5,3035,11.75
2151,56,6,401,1.55
2152,56,7,1287,4.98
2153,56,8,7,0.03
2154,56,9,2317,8.97
2155,56,10,34,0.13
2156,56,11,65,0.25
2157,56,12,217,0.84
2158,56,13,43,0.17
2159,56,14,32,0.12
2160,56,15,22,0.09
2161,56,16,255,0.99
2162,56,17,7,0.03
2163,56,18,19,0.07
2164,56,19,42,0.16
2165,56,21,142,0.55
2166,56,22,14,0.05
2167,56,23,17,0.07
2168,56,24,454,1.76
2169,56,25,152,0.59
2170,56,26,1787,6.92
2171,56,27,3245,12.56
2172,56,28,2466,9.55
2173,56,29,29,0.11
2174,56,30,5115,19.80
2175,56,31,50,0.19
2176,56,32,206,0.80
2177,56,33,8,0.03
2178,56,34,135,0.52
2179,56,35,26,0.10
2180,56,36,66,0.26
2181,56,37,87,0.34
2182,56,38,2,0.01
2183,56,39,3724,14.42
2184,56,40,98,0.38
2185,57,1,54,0.06
2186,57,2,330,0.34
2187,57,3,317,0.32
2188,57,4,31,0.03
2189,57,5,15812,16.21
2190,57,6,1046,1.07
2191,57,7,3657,3.75
2192,57,8,34,0.03
2193,57,9,4438,4.55
2194,57,10,81,0.08
2195,57,11,172,0.18
2196,57,12,424,0.43
2197,57,13,104,0.11
2198,57,14,75,0.08
2199,57,15,69,0.07
2200,57,16,1031,1.06
2201,57,17,28,0.03
2202,57,18,59,0.06
2203,57,19,113,0.12
2204,57,21,409,0.42
2205,57,22,76,0.08
2206,57,23,53,0.05
2207,57,24,2328,2.39
2208,57,25,880,0.90
2209,57,26,12699,13.02
2210,57,27,15529,15.92
2211,57,28,8755,8.97
2212,57,29,83,0.09
2213,57,30,17315,17.75
2214,57,31,76,0.08
2215,57,32,469,0.48
2216,57,33,7,0.01
2217,57,34,486,0.50
2218,57,35,70,0.07
2219,57,36,333,0.34
2220,57,37,536,0.55
2221,57,38,8,0.01
2222,57,39,8889,9.11
2223,57,40,673,0.69
2224,58,1,25,0.05
2225,58,2,218,0.41
2226,58,3,177,0.33
2227,58,4,22,0.04
2228,58,5,7600,14.26
2229,58,6,806,1.51
2230,58,7,2121,3.98
2231,58,8,15,0.03
2232,58,9,3352,6.29
2233,58,10,60,0.11
2234,58,11,83,0.16
2235,58,12,374,0.70
2236,58,13,106,0.20
2237,58,14,46,0.09
2238,58,15,36,0.07
2239,58,16,515,0.97
2240,58,17,21,0.04
2241,58,18,24,0.05
2242,58,19,103,0.19
2243,58,21,212,0.40
2244,58,22,28,0.05
2245,58,23,27,0.05
2246,58,24,1174,2.20
2247,58,25,408,0.77
2248,58,26,5262,9.88
2249,58,27,6765,12.70
2250,58,28,4872,9.14
2251,58,29,31,0.06
2252,58,30,10296,19.32
2253,58,31,55,0.10
2254,58,32,583,1.09
2255,58,33,11,0.02
2256,58,34,306,0.57
2257,58,35,30,0.06
2258,58,36,346,0.65
2259,58,37,249,0.47
2260,58,38,4,0.01
2261,58,39,6599,12.38
2262,58,40,324,0.61
2263,59,1,25,0.11
2264,59,2,93,0.39
2265,59,3,71,0.30
2266,59,4,2,0.01
2267,59,5,3281,13.85
2268,59,6,399,1.68
2269,59,7,840,3.54
2270,59,8,3,0.01
2271,59,9,2109,8.90
2272,59,10,28,0.12
2273,59,11,35,0.15
2274,59,12,123,0.52
2275,59,13,32,0.14
2276,59,14,12,0.05
2277,59,15,6,0.03
2278,59,16,216,0.91
2279,59,17,2,0.01
2280,59,18,10,0.04
2281,59,19,43,0.18
2282,59,21,68,0.29
2283,59,22,9,0.04
2284,59,23,11,0.05
2285,59,24,436,1.84
2286,59,25,177,0.75
2287,59,26,1814,7.66
2288,59,27,2747,11.59
2289,59,28,2083,8.79
2290,59,29,19,0.08
2291,59,30,4965,20.95
2292,59,31,26,0.11
2293,59,32,416,1.76
2294,59,33,6,0.03
2295,59,34,111,0.47
2296,59,35,25,0.11
2297,59,36,708,2.99
2298,59,37,72,0.30
2299,59,38,4,0.02
2300,59,39,2558,10.80
2301,59,40,111,0.47
2302,60,1,19,0.06
2303,60,2,106,0.31
2304,60,3,90,0.27
2305,60,4,13,0.04
2306,60,5,3482,10.33
2307,60,6,499,1.48
2308,60,7,1272,3.77
2309,60,8,9,0.03
2310,60,9,2739,8.12
2311,60,10,55,0.16
2312,60,11,61,0.18
2313,60,12,227,0.67
2314,60,13,55,0.16
2315,60,14,25,0.07
2316,60,15,17,0.05
2317,60,16,227,0.67
2318,60,17,9,0.03
2319,60,18,19,0.06
2320,60,19,54,0.16
2321,60,21,85,0.25
2322,60,22,12,0.04
2323,60,23,15,0.04
2324,60,24,514,1.52
2325,60,25,223,0.66
2326,60,26,2220,6.58
2327,60,27,3609,10.70
2328,60,28,3596,10.67
2329,60,29,26,0.08
2330,60,30,6905,20.48
2331,60,31,37,0.11
2332,60,32,646,1.92
2333,60,33,9,0.03
2334,60,34,148,0.44
2335,60,35,25,0.07
2336,60,36,384,1.14
2337,60,37,109,0.32
2338,60,38,5,0.01
2339,60,39,6034,17.90
2340,60,40,137,0.41
2341,61,1,11,0.05
2342,61,2,67,0.33
2343,61,3,57,0.28
2344,61,4,3,0.01
2345,61,5,2190,10.78
2346,61,6,346,1.70
2347,61,7,1278,6.29
2348,61,8,7,0.03
2349,61,9,2052,10.10
2350,61,10,44,0.22
2351,61,11,54,0.27
2352,61,12,174,0.86
2353,61,13,43,0.21
2354,61,14,20,0.10
2355,61,15,18,0.09
2356,61,16,179,0.88
2357,61,17,3,0.01
2358,61,18,11,0.05
2359,61,19,49,0.24
2360,61,21,215,1.06
2361,61,22,11,0.05
2362,61,23,15,0.07
2363,61,24,357,1.76
2364,61,25,117,0.58
2365,61,26,1345,6.62
2366,61,27,2333,11.49
2367,61,28,2223,10.95
2368,61,29,10,0.05
2369,61,30,4003,19.71
2370,61,31,17,0.08
2371,61,32,262,1.29
2372,61,33,3,0.01
2373,61,34,127,0.63
2374,61,35,16,0.08
2375,61,36,89,0.44
2376,61,37,66,0.32
2377,61,38,0,0.00
2378,61,39,2371,11.67
2379,61,40,124,0.61
2380,62,1,20,0.08
2381,62,2,82,0.35
2382,62,3,83,0.35
2383,62,4,29,0.12
2384,62,5,2386,10.04
2385,62,6,543,2.28
2386,62,7,996,4.19
2387,62,8,21,0.09
2388,62,9,2251,9.47
2389,62,10,39,0.16
2390,62,11,50,0.21
2391,62,12,216,0.91
2392,62,13,57,0.24
2393,62,14,29,0.12
2394,62,15,15,0.06
2395,62,16,183,0.77
2396,62,17,21,0.09
2397,62,18,12,0.05
2398,62,19,69,0.29
2399,62,21,329,1.38
2400,62,22,11,0.05
2401,62,23,9,0.04
2402,62,24,377,1.59
2403,62,25,108,0.45
2404,62,26,1554,6.54
2405,62,27,2324,9.78
2406,62,28,2600,10.94
2407,62,29,13,0.05
2408,62,30,6244,26.27
2409,62,31,31,0.13
2410,62,32,244,1.03
2411,62,33,4,0.02
2412,62,34,134,0.56
2413,62,35,19,0.08
2414,62,36,74,0.31
2415,62,37,79,0.33
2416,62,38,6,0.03
2417,62,39,2381,10.02
2418,62,40,125,0.53
2419,63,1,7,0.10
2420,63,2,19,0.27
2421,63,3,71,1.00
2422,63,4,5,0.07
2423,63,5,635,8.93
2424,63,6,177,2.49
2425,63,7,345,4.85
2426,63,8,2,0.03
2427,63,9,709,9.97
2428,63,10,11,0.15
2429,63,11,15,0.21
2430,63,12,69,0.97
2431,63,13,21,0.30
2432,63,14,3,0.04
2433,63,15,9,0.13
2434,63,16,55,0.77
2435,63,17,4,0.06
2436,63,18,3,0.04
2437,63,19,12,0.17
2438,63,21,13,0.18
2439,63,22,9,0.13
2440,63,23,2,0.03
2441,63,24,121,1.70
2442,63,25,33,0.46
2443,63,26,570,8.02
2444,63,27,727,10.23
2445,63,28,958,13.48
2446,63,29,9,0.13
2447,63,30,1885,26.52
2448,63,31,6,0.08
2449,63,32,35,0.49
2450,63,33,3,0.04
2451,63,34,33,0.46
2452,63,35,5,0.07
2453,63,36,18,0.25
2454,63,37,24,0.34
2455,63,38,1,0.01
2456,63,39,456,6.42
2457,63,40,28,0.39
2458,64,1,42,0.08
2459,64,2,244,0.47
2460,64,3,215,0.41
2461,64,4,17,0.03
2462,64,5,6154,11.85
2463,64,6,880,1.70
2464,64,7,2174,4.19
2465,64,8,27,0.05
2466,64,9,3593,6.92
2467,64,10,83,0.16
2468,64,11,85,0.16
2469,64,12,331,0.64
2470,64,13,101,0.19
2471,64,14,47,0.09
2472,64,15,61,0.12
2473,64,16,408,0.79
2474,64,17,10,0.02
2475,64,18,13,0.03
2476,64,19,107,0.21
2477,64,21,105,0.20
2478,64,22,78,0.15
2479,64,23,38,0.07
2480,64,24,1053,2.03
2481,64,25,242,0.47
2482,64,26,5210,10.04
2483,64,27,7233,13.93
2484,64,28,5250,10.11
2485,64,29,41,0.08
2486,64,30,11836,22.80
2487,64,31,82,0.16
2488,64,32,433,0.83
2489,64,33,19,0.04
2490,64,34,354,0.68
2491,64,35,58,0.11
2492,64,36,126,0.24
2493,64,37,249,0.48
2494,64,38,5,0.01
2495,64,39,4638,8.93
2496,64,40,275,0.53
2497,65,1,17,0.08
2498,65,2,82,0.38
2499,65,3,70,0.32
2500,65,4,7,0.03
2501,65,5,2464,11.30
2502,65,6,368,1.69
2503,65,7,1076,4.94
2504,65,8,7,0.03
2505,65,9,1889,8.66
2506,65,10,58,0.27
2507,65,11,46,0.21
2508,65,12,181,0.83
2509,65,13,39,0.18
2510,65,14,12,0.06
2511,65,15,19,0.09
2512,65,16,153,0.70
2513,65,17,8,0.04
2514,65,18,11,0.05
2515,65,19,42,0.19
2516,65,21,54,0.25
2517,65,22,13,0.06
2518,65,23,11,0.05
2519,65,24,335,1.54
2520,65,25,108,0.50
2521,65,26,1432,6.57
2522,65,27,2361,10.83
2523,65,28,2889,13.25
2524,65,29,18,0.08
2525,65,30,5000,22.93
2526,65,31,23,0.11
2527,65,32,152,0.70
2528,65,33,7,0.03
2529,65,34,153,0.70
2530,65,35,14,0.06
2531,65,36,58,0.27
2532,65,37,51,0.23
2533,65,38,3,0.01
2534,65,39,2461,11.29
2535,65,40,111,0.51
2536,66,1,25,0.09
2537,66,2,90,0.33
2538,66,3,104,0.38
2539,66,4,13,0.05
2540,66,5,2926,10.64
2541,66,6,532,1.93
2542,66,7,1183,4.30
2543,66,8,22,0.08
2544,66,9,2419,8.80
2545,66,10,39,0.14
2546,66,11,56,0.20
2547,66,12,204,0.74
2548,66,13,56,0.20
2549,66,14,21,0.08
2550,66,15,30,0.11
2551,66,16,187,0.68
2552,66,17,11,0.04
2553,66,18,13,0.05
2554,66,19,69,0.25
2555,66,21,70,0.25
2556,66,22,15,0.05
2557,66,23,13,0.05
2558,66,24,444,1.61
2559,66,25,139,0.51
2560,66,26,1838,6.68
2561,66,27,2839,10.33
2562,66,28,3533,12.85
2563,66,29,29,0.11
2564,66,30,7209,26.22
2565,66,31,36,0.13
2566,66,32,199,0.72
2567,66,33,13,0.05
2568,66,34,151,0.55
2569,66,35,22,0.08
2570,66,36,74,0.27
2571,66,37,76,0.28
2572,66,38,1,0.00
2573,66,39,2671,9.71
2574,66,40,123,0.45
2575,67,1,14,0.05
2576,67,2,94,0.36
2577,67,3,238,0.92
2578,67,4,8,0.03
2579,67,5,2553,9.86
2580,67,6,448,1.73
2581,67,7,1000,3.86
2582,67,8,12,0.05
2583,67,9,2003,7.73
2584,67,10,49,0.19
2585,67,11,41,0.16
2586,67,12,190,0.73
2587,67,13,48,0.19
2588,67,14,27,0.10
2589,67,15,18,0.07
2590,67,16,152,0.59
2591,67,17,9,0.03
2592,67,18,7,0.03
2593,67,19,54,0.21
2594,67,21,65,0.25
2595,67,22,29,0.11
2596,67,23,8,0.03
2597,67,24,368,1.42
2598,67,25,134,0.52
2599,67,26,3303,12.75
2600,67,27,2583,9.97
2601,67,28,2997,11.57
2602,67,29,20,0.08
2603,67,30,6371,24.60
2604,67,31,26,0.10
2605,67,32,239,0.92
2606,67,33,6,0.02
2607,67,34,118,0.46
2608,67,35,8,0.03
2609,67,36,71,0.27
2610,67,37,74,0.29
2611,67,38,3,0.01
2612,67,39,2420,9.35
2613,67,40,88,0.34
2614,68,1,11,0.04
2615,68,2,79,0.32
2616,68,3,76,0.31
2617,68,4,15,0.06
2618,68,5,2208,8.95
2619,68,6,327,1.33
2620,68,7,2983,12.09
2621,68,8,10,0.04
2622,68,9,2273,9.21
2623,68,10,30,0.12
2624,68,11,47,0.19
2625,68,12,136,0.55
2626,68,13,40,0.16
2627,68,14,16,0.06
2628,68,15,17,0.07
2629,68,16,181,0.73
2630,68,17,5,0.02
2631,68,18,4,0.02
2632,68,19,53,0.21
2633,68,21,63,0.26
2634,68,22,12,0.05
2635,68,23,19,0.08
2636,68,24,247,1.00
2637,68,25,154,0.62
2638,68,26,1406,5.70
2639,68,27,2594,10.51
2640,68,28,3033,12.29
2641,68,29,22,0.09
2642,68,30,5182,21.00
2643,68,31,25,0.10
2644,68,32,179,0.73
2645,68,33,4,0.02
2646,68,34,120,0.49
2647,68,35,20,0.08
2648,68,36,95,0.39
2649,68,37,64,0.26
2650,68,38,4,0.02
2651,68,39,2841,11.52
2652,68,40,77,0.31
2653,69,1,12,0.04
2654,69,2,108,0.33
2655,69,3,107,0.33
2656,69,4,9,0.03
2657,69,5,3726,11.38
2658,69,6,462,1.41
2659,69,7,1357,4.15
2660,69,8,15,0.05
2661,69,9,2256,6.89
2662,69,10,41,0.13
2663,69,11,30,0.09
2664,69,12,208,0.64
2665,69,13,55,0.17
2666,69,14,20,0.06
2667,69,15,11,0.03
2668,69,16,282,0.86
2669,69,17,12,0.04
2670,69,18,9,0.03
2671,69,19,65,0.20
2672,69,21,73,0.22
2673,69,22,30,0.09
2674,69,23,17,0.05
2675,69,24,545,1.67
2676,69,25,203,0.62
2677,69,26,2640,8.07
2678,69,27,3668,11.21
2679,69,28,3021,9.23
2680,69,29,24,0.07
2681,69,30,6543,19.99
2682,69,31,15,0.05
2683,69,32,442,1.35
2684,69,33,4,0.01
2685,69,34,161,0.49
2686,69,35,14,0.04
2687,69,36,164,0.50
2688,69,37,105,0.32
2689,69,38,1,0.00
2690,69,39,6136,18.75
2691,69,40,138,0.42
2692,70,1,15,0.05
2693,70,2,150,0.48
2694,70,3,113,0.36
2695,70,4,17,0.05
2696,70,5,4052,12.88
2697,70,6,447,1.42
2698,70,7,1289,4.10
2699,70,8,12,0.04
2700,70,9,1757,5.58
2701,70,10,43,0.14
2702,70,11,48,0.15
2703,70,12,267,0.85
2704,70,13,82,0.26
2705,70,14,32,0.10
2706,70,15,27,0.09
2707,70,16,244,0.78
2708,70,17,15,0.05
2709,70,18,13,0.04
2710,70,19,65,0.21
2711,70,21,66,0.21
2712,70,22,19,0.06
2713,70,23,14,0.04
2714,70,24,608,1.93
2715,70,25,283,0.90
2716,70,26,2467,7.84
2717,70,27,3649,11.60
2718,70,28,3363,10.69
2719,70,29,26,0.08
2720,70,30,6503,20.67
2721,70,31,50,0.16
2722,70,32,174,0.55
2723,70,33,13,0.04
2724,70,34,173,0.55
2725,70,35,27,0.09
2726,70,36,128,0.41
2727,70,37,115,0.37
2728,70,38,2,0.01
2729,70,39,4951,15.74
2730,70,40,141,0.45
2731,71,1,28,0.06
2732,71,2,139,0.31
2733,71,3,148,0.33
2734,71,4,9,0.02
2735,71,5,5203,11.59
2736,71,6,647,1.44
2737,71,7,1688,3.76
2738,71,8,9,0.02
2739,71,9,2181,4.86
2740,71,10,56,0.12
2741,71,11,72,0.16
2742,71,12,252,0.56
2743,71,13,73,0.16
2744,71,14,35,0.08
2745,71,15,22,0.05
2746,71,16,401,0.89
2747,71,17,10,0.02
2748,71,18,11,0.02
2749,71,19,95,0.21
2750,71,21,61,0.14
2751,71,22,57,0.13
2752,71,23,25,0.06
2753,71,24,1006,2.24
2754,71,25,326,0.73
2755,71,26,4181,9.31
2756,71,27,5555,12.37
2757,71,28,4818,10.73
2758,71,29,33,0.07
2759,71,30,10302,22.95
2760,71,31,66,0.15
2761,71,32,248,0.55
2762,71,33,11,0.02
2763,71,34,214,0.48
2764,71,35,24,0.05
2765,71,36,164,0.37
2766,71,37,181,0.40
2767,71,38,3,0.01
2768,71,39,6284,14.00
2769,71,40,258,0.57
2770,72,1,17,0.10
2771,72,2,64,0.39
2772,72,3,52,0.32
2773,72,4,7,0.04
2774,72,5,1667,10.19
2775,72,6,382,2.34
2776,72,7,715,4.37
2777,72,8,12,0.07
2778,72,9,2013,12.31
2779,72,10,32,0.20
2780,72,11,32,0.20
2781,72,12,162,0.99
2782,72,13,32,0.20
2783,72,14,16,0.10
2784,72,15,18,0.11
2785,72,16,115,0.70
2786,72,17,8,0.05
2787,72,18,7,0.04
2788,72,19,39,0.24
2789,72,21,32,0.20
2790,72,22,13,0.08
2791,72,23,10,0.06
2792,72,24,236,1.44
2793,72,25,98,0.60
2794,72,26,887,5.42
2795,72,27,1515,9.26
2796,72,28,2146,13.12
2797,72,29,32,0.20
2798,72,30,4772,29.17
2799,72,31,25,0.15
2800,72,32,106,0.65
2801,72,33,2,0.01
2802,72,34,80,0.49
2803,72,35,18,0.11
2804,72,36,39,0.24
2805,72,37,51,0.31
2806,72,38,1,0.01
2807,72,39,769,4.70
2808,72,40,136,0.83
2809,73,1,31,0.07
2810,73,2,200,0.45
2811,73,3,159,0.36
2812,73,4,18,0.04
2813,73,5,5224,11.76
2814,73,6,714,1.61
2815,73,7,2512,5.65
2816,73,8,9,0.02
2817,73,9,3568,8.03
2818,73,10,83,0.19
2819,73,11,83,0.19
2820,73,12,357,0.80
2821,73,13,70,0.16
2822,73,14,35,0.08
2823,73,15,24,0.05
2824,73,16,377,0.85
2825,73,17,13,0.03
2826,73,18,7,0.02
2827,73,19,93,0.21
2828,73,21,49,0.11
2829,73,22,23,0.05
2830,73,23,23,0.05
2831,73,24,736,1.66
2832,73,25,221,0.50
2833,73,26,2507,5.64
2834,73,27,4987,11.23
2835,73,28,5107,11.50
2836,73,29,35,0.08
2837,73,30,10812,24.34
2838,73,31,50,0.11
2839,73,32,123,0.28
2840,73,33,17,0.04
2841,73,34,243,0.55
2842,73,35,29,0.07
2843,73,36,179,0.40
2844,73,37,176,0.40
2845,73,38,0,0.00
2846,73,39,5261,11.84
2847,73,40,270,0.61
2848,74,1,26,0.06
2849,74,2,149,0.36
2850,74,3,91,0.22
2851,74,4,26,0.06
2852,74,5,3911,9.50
2853,74,6,870,2.11
2854,74,7,2614,6.35
2855,74,8,34,0.08
2856,74,9,4926,11.97
2857,74,10,142,0.34
2858,74,11,112,0.27
2859,74,12,342,0.83
2860,74,13,88,0.21
2861,74,14,43,0.10
2862,74,15,23,0.06
2863,74,16,329,0.80
2864,74,17,10,0.02
2865,74,18,9,0.02
2866,74,19,61,0.15
2867,74,21,43,0.10
2868,74,22,31,0.08
2869,74,23,25,0.06
2870,74,24,463,1.12
2871,74,25,205,0.50
2872,74,26,1765,4.29
2873,74,27,3802,9.24
2874,74,28,4934,11.99
2875,74,29,42,0.10
2876,74,30,11978,29.10
2877,74,31,37,0.09
2878,74,32,119,0.29
2879,74,33,17,0.04
2880,74,34,200,0.49
2881,74,35,41,0.10
2882,74,36,343,0.83
2883,74,37,93,0.23
2884,74,38,3,0.01
2885,74,39,2870,6.97
2886,74,40,351,0.85
2887,75,1,26,0.08
2888,75,2,209,0.64
2889,75,3,110,0.34
2890,75,4,10,0.03
2891,75,5,4397,13.39
2892,75,6,515,1.57
2893,75,7,1288,3.92
2894,75,8,17,0.05
2895,75,9,3747,11.41
2896,75,10,52,0.16
2897,75,11,60,0.18
2898,75,12,226,0.69
2899,75,13,80,0.24
2900,75,14,28,0.09
2901,75,15,24,0.07
2902,75,16,205,0.62
2903,75,17,8,0.02
2904,75,18,13,0.04
2905,75,19,78,0.24
2906,75,21,65,0.20
2907,75,22,22,0.07
2908,75,23,21,0.06
2909,75,24,530,1.61
2910,75,25,173,0.53
2911,75,26,1967,5.99
2912,75,27,3618,11.02
2913,75,28,3064,9.33
2914,75,29,25,0.08
2915,75,30,7656,23.32
2916,75,31,54,0.16
2917,75,32,154,0.47
2918,75,33,10,0.03
2919,75,34,190,0.58
2920,75,35,62,0.19
2921,75,36,222,0.68
2922,75,37,97,0.30
2923,75,38,2,0.01
2924,75,39,3585,10.92
2925,75,40,217,0.66
2926,76,1,24,0.07
2927,76,2,123,0.36
2928,76,3,142,0.41
2929,76,4,20,0.06
2930,76,5,4626,13.51
2931,76,6,691,2.02
2932,76,7,1425,4.16
2933,76,8,22,0.06
2934,76,9,2370,6.92
2935,76,10,55,0.16
2936,76,11,65,0.19
2937,76,12,267,0.78
2938,76,13,75,0.22
2939,76,14,27,0.08
2940,76,15,28,0.08
2941,76,16,291,0.85
2942,76,17,6,0.02
2943,76,18,7,0.02
2944,76,19,62,0.18
2945,76,21,42,0.12
2946,76,22,25,0.07
2947,76,23,20,0.06
2948,76,24,698,2.04
2949,76,25,212,0.62
2950,76,26,2464,7.20
2951,76,27,3838,11.21
2952,76,28,3142,9.18
2953,76,29,31,0.09
2954,76,30,8817,25.76
2955,76,31,68,0.20
2956,76,32,122,0.36
2957,76,33,11,0.03
2958,76,34,224,0.65
2959,76,35,25,0.07
2960,76,36,138,0.40
2961,76,37,149,0.44
2962,76,38,0,0.00
2963,76,39,3692,10.79
2964,76,40,188,0.55
2965,77,1,35,0.06
2966,77,2,225,0.36
2967,77,3,215,0.35
2968,77,4,19,0.03
2969,77,5,9012,14.52
2970,77,6,1111,1.79
2971,77,7,2514,4.05
2972,77,8,40,0.06
2973,77,9,5880,9.47
2974,77,10,161,0.26
2975,77,11,129,0.21
2976,77,12,384,0.62
2977,77,13,111,0.18
2978,77,14,40,0.06
2979,77,15,32,0.05
2980,77,16,566,0.91
2981,77,17,11,0.02
2982,77,18,30,0.05
2983,77,19,115,0.19
2984,77,21,66,0.11
2985,77,22,46,0.07
2986,77,23,23,0.04
2987,77,24,1030,1.66
2988,77,25,336,0.54
2989,77,26,3791,6.11
2990,77,27,7040,11.34
2991,77,28,7365,11.86
2992,77,29,44,0.07
2993,77,30,16202,26.10
2994,77,31,84,0.14
2995,77,32,168,0.27
2996,77,33,13,0.02
2997,77,34,369,0.59
2998,77,35,94,0.15
2999,77,36,504,0.81
3000,77,37,193,0.31
3001,77,38,9,0.01
3002,77,39,3691,5.95
3003,77,40,381,0.61
